-- MariaDB dump 10.19  Distrib 10.6.4-MariaDB, for osx10.17 (arm64)
--
-- Host: localhost    Database: eshop
-- ------------------------------------------------------
-- Server version	10.6.4-MariaDB

/*!40101 SET @OLD_CHARACTER_SET_CLIENT=@@CHARACTER_SET_CLIENT */;
/*!40101 SET @OLD_CHARACTER_SET_RESULTS=@@CHARACTER_SET_RESULTS */;
/*!40101 SET @OLD_COLLATION_CONNECTION=@@COLLATION_CONNECTION */;
/*!40101 SET NAMES utf8mb4 */;
/*!40103 SET @OLD_TIME_ZONE=@@TIME_ZONE */;
/*!40103 SET TIME_ZONE='+00:00' */;
/*!40014 SET @OLD_UNIQUE_CHECKS=@@UNIQUE_CHECKS, UNIQUE_CHECKS=0 */;
/*!40014 SET @OLD_FOREIGN_KEY_CHECKS=@@FOREIGN_KEY_CHECKS, FOREIGN_KEY_CHECKS=0 */;
/*!40101 SET @OLD_SQL_MODE=@@SQL_MODE, SQL_MODE='NO_AUTO_VALUE_ON_ZERO' */;
/*!40111 SET @OLD_SQL_NOTES=@@SQL_NOTES, SQL_NOTES=0 */;

--
-- Table structure for table `bestallda_produkter`
--

DROP TABLE IF EXISTS `bestallda_produkter`;
/*!40101 SET @saved_cs_client     = @@character_set_client */;
/*!40101 SET character_set_client = utf8 */;
CREATE TABLE `bestallda_produkter` (
  `produktID` int(11) NOT NULL,
  `fakturaID` int(11) NOT NULL,
  `pris` float DEFAULT NULL,
  `namn` varchar(100) DEFAULT NULL,
  PRIMARY KEY (`produktID`,`fakturaID`),
  KEY `fakturaID` (`fakturaID`),
  CONSTRAINT `bestallda_produkter_ibfk_1` FOREIGN KEY (`fakturaID`) REFERENCES `Faktura` (`fakturaID`),
  CONSTRAINT `bestallda_produkter_ibfk_2` FOREIGN KEY (`produktID`) REFERENCES `Produkt` (`produktID`)
) ENGINE=InnoDB DEFAULT CHARSET=utf8mb4;
/*!40101 SET character_set_client = @saved_cs_client */;

--
-- Dumping data for table `bestallda_produkter`
--

LOCK TABLES `bestallda_produkter` WRITE;
/*!40000 ALTER TABLE `bestallda_produkter` DISABLE KEYS */;
/*!40000 ALTER TABLE `bestallda_produkter` ENABLE KEYS */;
UNLOCK TABLES;

--
-- Table structure for table `faktura`
--

DROP TABLE IF EXISTS `faktura`;
/*!40101 SET @saved_cs_client     = @@character_set_client */;
/*!40101 SET character_set_client = utf8 */;
CREATE TABLE `faktura` (
  `fakturaID` int(11) NOT NULL AUTO_INCREMENT,
  `kundID` int(11) NOT NULL,
  `orderID` int(11) NOT NULL,
  `summa` float NOT NULL,
  PRIMARY KEY (`fakturaID`),
  KEY `kundID` (`kundID`),
  KEY `orderID` (`orderID`),
  CONSTRAINT `faktura_ibfk_1` FOREIGN KEY (`kundID`) REFERENCES `kund` (`kundID`),
  CONSTRAINT `faktura_ibfk_2` FOREIGN KEY (`orderID`) REFERENCES `Orders` (`orderID`)
) ENGINE=InnoDB DEFAULT CHARSET=utf8mb4;
/*!40101 SET character_set_client = @saved_cs_client */;

--
-- Dumping data for table `faktura`
--

LOCK TABLES `faktura` WRITE;
/*!40000 ALTER TABLE `faktura` DISABLE KEYS */;
/*!40000 ALTER TABLE `faktura` ENABLE KEYS */;
UNLOCK TABLES;

--
-- Table structure for table `kategorisering`
--

DROP TABLE IF EXISTS `kategorisering`;
/*!40101 SET @saved_cs_client     = @@character_set_client */;
/*!40101 SET character_set_client = utf8 */;
CREATE TABLE `kategorisering` (
  `namn` varchar(200) NOT NULL,
  PRIMARY KEY (`namn`)
) ENGINE=InnoDB DEFAULT CHARSET=utf8mb4;
/*!40101 SET character_set_client = @saved_cs_client */;

--
-- Dumping data for table `kategorisering`
--

LOCK TABLES `kategorisering` WRITE;
/*!40000 ALTER TABLE `kategorisering` DISABLE KEYS */;
INSERT INTO `kategorisering` VALUES ('`Bröd & kakor`'),('`Färdigmat`'),('`Frukt & Grönt`'),('`Fryst`'),('`kött & fågel & fisk`'),('`Mejeri & Ost`'),('`Skafferi`');
/*!40000 ALTER TABLE `kategorisering` ENABLE KEYS */;
UNLOCK TABLES;

--
-- Table structure for table `kund`
--

DROP TABLE IF EXISTS `kund`;
/*!40101 SET @saved_cs_client     = @@character_set_client */;
/*!40101 SET character_set_client = utf8 */;
CREATE TABLE `kund` (
  `kundID` int(11) NOT NULL AUTO_INCREMENT,
  `fornamn` varchar(20) DEFAULT NULL,
  `efternamn` varchar(20) DEFAULT NULL,
  `email` varchar(40) DEFAULT NULL,
  `fakturadress` varchar(100) DEFAULT NULL,
  `telefon` varchar(12) DEFAULT NULL,
  PRIMARY KEY (`kundID`)
) ENGINE=InnoDB AUTO_INCREMENT=8 DEFAULT CHARSET=utf8mb4;
/*!40101 SET character_set_client = @saved_cs_client */;

--
-- Dumping data for table `kund`
--

LOCK TABLES `kund` WRITE;
/*!40000 ALTER TABLE `kund` DISABLE KEYS */;
INSERT INTO `kund` VALUES (1,'Ali','Svenebanan','jagvetintehandemail@gmail.com','Abdullahvägen 22B','1234567890'),(2,'Kasper','Falk','kasperfalk@hotmail.se','Polhemsgatan 22A','1234567890'),(3,'Fille','Dapte','fille.dapte@gmail.com','Någotvägen 33G','1234567890'),(4,'Måns','Svnesson','majdmazen24@gmail.com','Kungsgatan 10D','1234567890'),(5,'Majd','Shanan','majdmazen24@gmail.com','Smedjedagatan 22D','1234567890');
/*!40000 ALTER TABLE `kund` ENABLE KEYS */;
UNLOCK TABLES;

--
-- Table structure for table `lager`
--

DROP TABLE IF EXISTS `lager`;
/*!40101 SET @saved_cs_client     = @@character_set_client */;
/*!40101 SET character_set_client = utf8 */;
CREATE TABLE `lager` (
  `lagerID` int(11) NOT NULL AUTO_INCREMENT,
  `namn` char(100) DEFAULT NULL,
  `antal` int(11) DEFAULT NULL,
  `hylla` varchar(60) DEFAULT NULL,
  PRIMARY KEY (`lagerID`)
) ENGINE=InnoDB AUTO_INCREMENT=9 DEFAULT CHARSET=utf8mb4;
/*!40101 SET character_set_client = @saved_cs_client */;

--
-- Dumping data for table `lager`
--

LOCK TABLES `lager` WRITE;
/*!40000 ALTER TABLE `lager` DISABLE KEYS */;
INSERT INTO `lager` VALUES (1,'Banan',9,'H:1'),(2,'Gurka',24,'H:2'),(3,'Fryspasta',2,'H:3'),(4,'Kycklingklubbor',9,'H:4'),(5,'Pesto',16,'H:5'),(6,'Ris',32,'H:6'),(7,'Panpizza',49,'H:7'),(8,'Tomater',22,'H:8');
/*!40000 ALTER TABLE `lager` ENABLE KEYS */;
UNLOCK TABLES;

--
-- Table structure for table `logglista`
--

DROP TABLE IF EXISTS `logglista`;
/*!40101 SET @saved_cs_client     = @@character_set_client */;
/*!40101 SET character_set_client = utf8 */;
CREATE TABLE `logglista` (
  `loggID` int(11) NOT NULL AUTO_INCREMENT,
  `handelse` varchar(80) DEFAULT NULL,
  `tidshandelse` timestamp NOT NULL DEFAULT current_timestamp(),
  PRIMARY KEY (`loggID`)
) ENGINE=InnoDB AUTO_INCREMENT=9 DEFAULT CHARSET=utf8mb4;
/*!40101 SET character_set_client = @saved_cs_client */;

--
-- Dumping data for table `logglista`
--

LOCK TABLES `logglista` WRITE;
/*!40000 ALTER TABLE `logglista` DISABLE KEYS */;
INSERT INTO `logglista` VALUES (1,'Ny produkt las till med följande ProduktID`1`!','2022-03-22 14:44:53'),(2,'Ny produkt las till med följande ProduktID`2`!','2022-03-22 14:44:53'),(3,'Ny produkt las till med följande ProduktID`3`!','2022-03-22 14:44:53'),(4,'Ny produkt las till med följande ProduktID`4`!','2022-03-22 14:44:53'),(5,'Ny produkt las till med följande ProduktID`5`!','2022-03-22 14:44:53'),(6,'Ny produkt las till med följande ProduktID`6`!','2022-03-22 14:44:53'),(7,'Ny produkt las till med följande ProduktID`7`!','2022-03-22 14:44:53'),(8,'Ny produkt las till med följande ProduktID`8`!','2022-03-22 14:44:53');
/*!40000 ALTER TABLE `logglista` ENABLE KEYS */;
UNLOCK TABLES;

--
-- Table structure for table `orderrad`
--

DROP TABLE IF EXISTS `orderrad`;
/*!40101 SET @saved_cs_client     = @@character_set_client */;
/*!40101 SET character_set_client = utf8 */;
CREATE TABLE `orderrad` (
  `orderID` int(11) NOT NULL AUTO_INCREMENT,
  `produktID` int(11) NOT NULL,
  `antal` int(11) NOT NULL,
  PRIMARY KEY (`orderID`)
) ENGINE=InnoDB DEFAULT CHARSET=utf8mb4;
/*!40101 SET character_set_client = @saved_cs_client */;

--
-- Dumping data for table `orderrad`
--

LOCK TABLES `orderrad` WRITE;
/*!40000 ALTER TABLE `orderrad` DISABLE KEYS */;
/*!40000 ALTER TABLE `orderrad` ENABLE KEYS */;
UNLOCK TABLES;

--
-- Table structure for table `orders`
--

DROP TABLE IF EXISTS `orders`;
/*!40101 SET @saved_cs_client     = @@character_set_client */;
/*!40101 SET character_set_client = utf8 */;
CREATE TABLE `orders` (
  `orderID` int(11) NOT NULL AUTO_INCREMENT,
  `kundID` int(11) NOT NULL,
  `k_namn` varchar(40) DEFAULT NULL,
  `datum` timestamp NOT NULL DEFAULT current_timestamp(),
  `order_status` varchar(10) DEFAULT 'Skapad',
  `antal_produkter` int(11) DEFAULT 0,
  PRIMARY KEY (`orderID`)
) ENGINE=InnoDB AUTO_INCREMENT=4 DEFAULT CHARSET=utf8mb4;
/*!40101 SET character_set_client = @saved_cs_client */;

--
-- Dumping data for table `orders`
--

LOCK TABLES `orders` WRITE;
/*!40000 ALTER TABLE `orders` DISABLE KEYS */;
INSERT INTO `orders` VALUES (1,5,'Majd Shanan','2022-03-22 14:46:20','Beställd',4),(2,3,'Fille Dapte','2022-03-22 14:47:59','Beställd',1),(3,3,'Fille Dapte','2022-03-22 14:48:09','Skapad',23);
/*!40000 ALTER TABLE `orders` ENABLE KEYS */;
UNLOCK TABLES;

--
-- Table structure for table `plocklista`
--

DROP TABLE IF EXISTS `plocklista`;
/*!40101 SET @saved_cs_client     = @@character_set_client */;
/*!40101 SET character_set_client = utf8 */;
CREATE TABLE `plocklista` (
  `plockID` int(11) NOT NULL AUTO_INCREMENT,
  `orderID` int(11) NOT NULL,
  `datum` timestamp NOT NULL DEFAULT current_timestamp(),
  PRIMARY KEY (`plockID`)
) ENGINE=InnoDB DEFAULT CHARSET=utf8mb4;
/*!40101 SET character_set_client = @saved_cs_client */;

--
-- Dumping data for table `plocklista`
--

LOCK TABLES `plocklista` WRITE;
/*!40000 ALTER TABLE `plocklista` DISABLE KEYS */;
/*!40000 ALTER TABLE `plocklista` ENABLE KEYS */;
UNLOCK TABLES;

--
-- Table structure for table `produkt`
--

DROP TABLE IF EXISTS `produkt`;
/*!40101 SET @saved_cs_client     = @@character_set_client */;
/*!40101 SET character_set_client = utf8 */;
CREATE TABLE `produkt` (
  `produktID` int(11) NOT NULL AUTO_INCREMENT,
  `namn` char(100) DEFAULT NULL,
  `beskrivning` varchar(250) DEFAULT NULL,
  `bild_url` varchar(300) DEFAULT NULL,
  `pris` int(11) DEFAULT NULL,
  PRIMARY KEY (`produktID`),
  UNIQUE KEY `namn` (`namn`)
) ENGINE=InnoDB AUTO_INCREMENT=9 DEFAULT CHARSET=utf8mb4;
/*!40101 SET character_set_client = @saved_cs_client */;

--
-- Dumping data for table `produkt`
--

LOCK TABLES `produkt` WRITE;
/*!40000 ALTER TABLE `produkt` DISABLE KEYS */;
INSERT INTO `produkt` VALUES (1,'Banan','Gula turkiska bananer','images/banana.jpeg',5),(2,'Gurka','Svenskgurka','images/cucumber.jpeg',10),(3,'Fryspasta','Svensk pasta','images/fryspasta.jpeg',39),(4,'Kycklingklubbor','Svensk kyckling','images/kycklingklubbor.jpeg',89),(5,'Pesto','Pesto kräm','images/pesto.jpeg',39),(6,'Ris','Vanligt ris','images/rice.jpeg',59),(7,'Panpizza','Fryspizza','images/pinpizza.jpeg',25),(8,'Tomater','Röda tomater','images/tomato.jpeg',5);
/*!40000 ALTER TABLE `produkt` ENABLE KEYS */;
UNLOCK TABLES;
/*!50003 SET @saved_cs_client      = @@character_set_client */ ;
/*!50003 SET @saved_cs_results     = @@character_set_results */ ;
/*!50003 SET @saved_col_connection = @@collation_connection */ ;
/*!50003 SET character_set_client  = utf8mb3 */ ;
/*!50003 SET character_set_results = utf8mb3 */ ;
/*!50003 SET collation_connection  = utf8mb3_general_ci */ ;
/*!50003 SET @saved_sql_mode       = @@sql_mode */ ;
/*!50003 SET sql_mode              = 'STRICT_TRANS_TABLES,ERROR_FOR_DIVISION_BY_ZERO,NO_AUTO_CREATE_USER,NO_ENGINE_SUBSTITUTION' */ ;
DELIMITER ;;
/*!50003 CREATE*/ /*!50017 DEFINER=`dbadm`@`localhost`*/ /*!50003 TRIGGER log_produkt_add
AFTER INSERT
ON produkt
FOR EACH ROW
BEGIN
    SET @handelse = CONCAT("Ny produkt las till med följande ProduktID`", new.produktID,"`!");
    INSERT INTO logglista(`handelse`)
        VALUES (@handelse);
END */;;
DELIMITER ;
/*!50003 SET sql_mode              = @saved_sql_mode */ ;
/*!50003 SET character_set_client  = @saved_cs_client */ ;
/*!50003 SET character_set_results = @saved_cs_results */ ;
/*!50003 SET collation_connection  = @saved_col_connection */ ;
/*!50003 SET @saved_cs_client      = @@character_set_client */ ;
/*!50003 SET @saved_cs_results     = @@character_set_results */ ;
/*!50003 SET @saved_col_connection = @@collation_connection */ ;
/*!50003 SET character_set_client  = utf8mb3 */ ;
/*!50003 SET character_set_results = utf8mb3 */ ;
/*!50003 SET collation_connection  = utf8mb3_general_ci */ ;
/*!50003 SET @saved_sql_mode       = @@sql_mode */ ;
/*!50003 SET sql_mode              = 'STRICT_TRANS_TABLES,ERROR_FOR_DIVISION_BY_ZERO,NO_AUTO_CREATE_USER,NO_ENGINE_SUBSTITUTION' */ ;
DELIMITER ;;
/*!50003 CREATE*/ /*!50017 DEFINER=`dbadm`@`localhost`*/ /*!50003 TRIGGER log_produkt_update
AFTER UPDATE
ON produkt
FOR EACH ROW
BEGIN
    SET @handelse = CONCAT("Detaljer för följande ProduktID`", new.produktID," `har uppdaterats!");
    INSERT INTO logglista(`handelse`)
        VALUES (@handelse);
END */;;
DELIMITER ;
/*!50003 SET sql_mode              = @saved_sql_mode */ ;
/*!50003 SET character_set_client  = @saved_cs_client */ ;
/*!50003 SET character_set_results = @saved_cs_results */ ;
/*!50003 SET collation_connection  = @saved_col_connection */ ;
/*!50003 SET @saved_cs_client      = @@character_set_client */ ;
/*!50003 SET @saved_cs_results     = @@character_set_results */ ;
/*!50003 SET @saved_col_connection = @@collation_connection */ ;
/*!50003 SET character_set_client  = utf8mb3 */ ;
/*!50003 SET character_set_results = utf8mb3 */ ;
/*!50003 SET collation_connection  = utf8mb3_general_ci */ ;
/*!50003 SET @saved_sql_mode       = @@sql_mode */ ;
/*!50003 SET sql_mode              = 'STRICT_TRANS_TABLES,ERROR_FOR_DIVISION_BY_ZERO,NO_AUTO_CREATE_USER,NO_ENGINE_SUBSTITUTION' */ ;
DELIMITER ;;
/*!50003 CREATE*/ /*!50017 DEFINER=`dbadm`@`localhost`*/ /*!50003 TRIGGER log_produkt_delete
AFTER DELETE
ON produkt
FOR EACH ROW
BEGIN
    SET @handelse = CONCAT("Produkt togs bort med följande ProduktID`", old.produktID," `!");
    INSERT INTO logglista(`handelse`)
        VALUES (@handelse);
END */;;
DELIMITER ;
/*!50003 SET sql_mode              = @saved_sql_mode */ ;
/*!50003 SET character_set_client  = @saved_cs_client */ ;
/*!50003 SET character_set_results = @saved_cs_results */ ;
/*!50003 SET collation_connection  = @saved_col_connection */ ;

--
-- Table structure for table `produktillkategori`
--

DROP TABLE IF EXISTS `produktillkategori`;
/*!40101 SET @saved_cs_client     = @@character_set_client */;
/*!40101 SET character_set_client = utf8 */;
CREATE TABLE `produktillkategori` (
  `kategoriID` int(11) NOT NULL AUTO_INCREMENT,
  `k_namn` varchar(200) DEFAULT NULL,
  PRIMARY KEY (`kategoriID`)
) ENGINE=InnoDB AUTO_INCREMENT=9 DEFAULT CHARSET=utf8mb4;
/*!40101 SET character_set_client = @saved_cs_client */;

--
-- Dumping data for table `produktillkategori`
--

LOCK TABLES `produktillkategori` WRITE;
/*!40000 ALTER TABLE `produktillkategori` DISABLE KEYS */;
INSERT INTO `produktillkategori` VALUES (1,'`Frukt & Grönt`'),(2,'`Frukt & Grönt`'),(3,'`Fryst'),(4,'`kött & fågel & fisk`'),(5,'`Skafferi'),(6,'`Skafferi'),(7,'`Färdigmat`'),(8,'`Frukt & Grönt`');
/*!40000 ALTER TABLE `produktillkategori` ENABLE KEYS */;
UNLOCK TABLES;

--
-- Temporary table structure for view `v_plocklista`
--

DROP TABLE IF EXISTS `v_plocklista`;
/*!50001 DROP VIEW IF EXISTS `v_plocklista`*/;
SET @saved_cs_client     = @@character_set_client;
SET character_set_client = utf8;
/*!50001 CREATE TABLE `v_plocklista` (
  `orderID` tinyint NOT NULL,
  `produktID` tinyint NOT NULL,
  `namn` tinyint NOT NULL,
  `Beställt antal` tinyint NOT NULL,
  `Aktuellt lager antal` tinyint NOT NULL,
  `Hylla` tinyint NOT NULL
) ENGINE=MyISAM */;
SET character_set_client = @saved_cs_client;

--
-- Table structure for table `varukorg`
--

DROP TABLE IF EXISTS `varukorg`;
/*!40101 SET @saved_cs_client     = @@character_set_client */;
/*!40101 SET character_set_client = utf8 */;
CREATE TABLE `varukorg` (
  `orderID` int(11) DEFAULT NULL,
  `produktID` int(11) DEFAULT NULL,
  `namn` char(100) DEFAULT NULL,
  `antal` int(11) DEFAULT NULL,
  `pris` int(11) DEFAULT NULL
) ENGINE=InnoDB DEFAULT CHARSET=utf8mb4;
/*!40101 SET character_set_client = @saved_cs_client */;

--
-- Dumping data for table `varukorg`
--

LOCK TABLES `varukorg` WRITE;
/*!40000 ALTER TABLE `varukorg` DISABLE KEYS */;
INSERT INTO `varukorg` VALUES (1,3,'Fryspasta',2,39),(1,4,'Kycklingklubbor',2,89),(2,1,'Banan',1,5),(3,4,'Kycklingklubbor',1,89),(3,6,'Ris',22,59);
/*!40000 ALTER TABLE `varukorg` ENABLE KEYS */;
UNLOCK TABLES;

--
-- Dumping routines for database 'eshop'
--
/*!50003 DROP FUNCTION IF EXISTS `order_status` */;
/*!50003 SET @saved_cs_client      = @@character_set_client */ ;
/*!50003 SET @saved_cs_results     = @@character_set_results */ ;
/*!50003 SET @saved_col_connection = @@collation_connection */ ;
/*!50003 SET character_set_client  = utf8mb3 */ ;
/*!50003 SET character_set_results = utf8mb3 */ ;
/*!50003 SET collation_connection  = utf8mb3_general_ci */ ;
/*!50003 SET @saved_sql_mode       = @@sql_mode */ ;
/*!50003 SET sql_mode              = 'STRICT_TRANS_TABLES,ERROR_FOR_DIVISION_BY_ZERO,NO_AUTO_CREATE_USER,NO_ENGINE_SUBSTITUTION' */ ;
DELIMITER ;;
CREATE DEFINER=`dbadm`@`localhost` FUNCTION `order_status`(f_skapad TIMESTAMP,
    f_borttagen TIMESTAMP,
    f_skickad TIMESTAMP,
    f_tillagd TIMESTAMP,
    f_uppdaterat TIMESTAMP
) RETURNS char(20) CHARSET utf8mb4
    DETERMINISTIC
BEGIN
 IF f_skickad IS NOT NULL THEN

        RETURN "skickad!";

    ELSEIF f_borttagen IS NOT NULL THEN

        RETURN "raderad!";

    ELSEIF f_tillagd IS NOT NULL THEN

        RETURN "beställd!";

    ELSEIF f_uppdaterat IS NOT NULL THEN

        RETURN "uppdaterad!";

    ELSEIF f_skapad IS NOT NULL THEN

        RETURN "skapad!";

    END IF;

END ;;
DELIMITER ;
/*!50003 SET sql_mode              = @saved_sql_mode */ ;
/*!50003 SET character_set_client  = @saved_cs_client */ ;
/*!50003 SET character_set_results = @saved_cs_results */ ;
/*!50003 SET collation_connection  = @saved_col_connection */ ;
/*!50003 DROP PROCEDURE IF EXISTS `add_2_inventory` */;
/*!50003 SET @saved_cs_client      = @@character_set_client */ ;
/*!50003 SET @saved_cs_results     = @@character_set_results */ ;
/*!50003 SET @saved_col_connection = @@collation_connection */ ;
/*!50003 SET character_set_client  = utf8mb3 */ ;
/*!50003 SET character_set_results = utf8mb3 */ ;
/*!50003 SET collation_connection  = utf8mb3_general_ci */ ;
/*!50003 SET @saved_sql_mode       = @@sql_mode */ ;
/*!50003 SET sql_mode              = 'STRICT_TRANS_TABLES,ERROR_FOR_DIVISION_BY_ZERO,NO_AUTO_CREATE_USER,NO_ENGINE_SUBSTITUTION' */ ;
DELIMITER ;;
CREATE DEFINER=`dbadm`@`localhost` PROCEDURE `add_2_inventory`(
        IN p_lagerID INT,
        IN p_hylla VARCHAR(200),
        IN p_antal INT,
        IN p_namn CHAR(50)
    )
BEGIN
        INSERT INTO lager(lagerID, hylla, antal, namn)
                VALUES(p_lagerID, p_hylla, p_antal, p_namn)
        ON DUPLICATE KEY UPDATE antal = antal + p_antal;
        INSERT INTO produkt(produktID, namn , beskrivning, bild_url, pris)
                VALUES (p_lagerID, p_namn, "Custom product" , "images/auto.jpeg", 1337 );
END ;;
DELIMITER ;
/*!50003 SET sql_mode              = @saved_sql_mode */ ;
/*!50003 SET character_set_client  = @saved_cs_client */ ;
/*!50003 SET character_set_results = @saved_cs_results */ ;
/*!50003 SET collation_connection  = @saved_col_connection */ ;
/*!50003 DROP PROCEDURE IF EXISTS `create_lager_column` */;
/*!50003 SET @saved_cs_client      = @@character_set_client */ ;
/*!50003 SET @saved_cs_results     = @@character_set_results */ ;
/*!50003 SET @saved_col_connection = @@collation_connection */ ;
/*!50003 SET character_set_client  = utf8mb3 */ ;
/*!50003 SET character_set_results = utf8mb3 */ ;
/*!50003 SET collation_connection  = utf8mb3_general_ci */ ;
/*!50003 SET @saved_sql_mode       = @@sql_mode */ ;
/*!50003 SET sql_mode              = 'STRICT_TRANS_TABLES,ERROR_FOR_DIVISION_BY_ZERO,NO_AUTO_CREATE_USER,NO_ENGINE_SUBSTITUTION' */ ;
DELIMITER ;;
CREATE DEFINER=`dbadm`@`localhost` PROCEDURE `create_lager_column`(

    `l_LagerID` INT,
    `l_namn` CHAR(50),
    `l_antal` INT,
    `l_hylla` VARCHAR(60)
    )
BEGIN
        INSERT INTO lager(LagerID,namn,antal,hylla)
        VALUES(l_LagerID,l_namn,l_antal,l_hylla);
END ;;
DELIMITER ;
/*!50003 SET sql_mode              = @saved_sql_mode */ ;
/*!50003 SET character_set_client  = @saved_cs_client */ ;
/*!50003 SET character_set_results = @saved_cs_results */ ;
/*!50003 SET collation_connection  = @saved_col_connection */ ;
/*!50003 DROP PROCEDURE IF EXISTS `create_order` */;
/*!50003 SET @saved_cs_client      = @@character_set_client */ ;
/*!50003 SET @saved_cs_results     = @@character_set_results */ ;
/*!50003 SET @saved_col_connection = @@collation_connection */ ;
/*!50003 SET character_set_client  = utf8mb3 */ ;
/*!50003 SET character_set_results = utf8mb3 */ ;
/*!50003 SET collation_connection  = utf8mb3_general_ci */ ;
/*!50003 SET @saved_sql_mode       = @@sql_mode */ ;
/*!50003 SET sql_mode              = 'STRICT_TRANS_TABLES,ERROR_FOR_DIVISION_BY_ZERO,NO_AUTO_CREATE_USER,NO_ENGINE_SUBSTITUTION' */ ;
DELIMITER ;;
CREATE DEFINER=`dbadm`@`localhost` PROCEDURE `create_order`(
    id INT,
    namn VARCHAR(40)
    )
BEGIN
    INSERT INTO orders(`kundID`, `k_namn`)
    VALUES (id, namn)
    ;
END ;;
DELIMITER ;
/*!50003 SET sql_mode              = @saved_sql_mode */ ;
/*!50003 SET character_set_client  = @saved_cs_client */ ;
/*!50003 SET character_set_results = @saved_cs_results */ ;
/*!50003 SET collation_connection  = @saved_col_connection */ ;
/*!50003 DROP PROCEDURE IF EXISTS `create_order_row` */;
/*!50003 SET @saved_cs_client      = @@character_set_client */ ;
/*!50003 SET @saved_cs_results     = @@character_set_results */ ;
/*!50003 SET @saved_col_connection = @@collation_connection */ ;
/*!50003 SET character_set_client  = utf8mb3 */ ;
/*!50003 SET character_set_results = utf8mb3 */ ;
/*!50003 SET collation_connection  = utf8mb3_general_ci */ ;
/*!50003 SET @saved_sql_mode       = @@sql_mode */ ;
/*!50003 SET sql_mode              = 'STRICT_TRANS_TABLES,ERROR_FOR_DIVISION_BY_ZERO,NO_AUTO_CREATE_USER,NO_ENGINE_SUBSTITUTION' */ ;
DELIMITER ;;
CREATE DEFINER=`dbadm`@`localhost` PROCEDURE `create_order_row`(
    p_orderID INT,
    p_produktID INT,
    p_antal INT
    )
BEGIN
    INSERT INTO orderrad(`orderID`, `produktID`, `antal`)
    VALUES (p_orderID, p_produktID, p_antal);
END ;;
DELIMITER ;
/*!50003 SET sql_mode              = @saved_sql_mode */ ;
/*!50003 SET character_set_client  = @saved_cs_client */ ;
/*!50003 SET character_set_results = @saved_cs_results */ ;
/*!50003 SET collation_connection  = @saved_col_connection */ ;
/*!50003 DROP PROCEDURE IF EXISTS `create_product` */;
/*!50003 SET @saved_cs_client      = @@character_set_client */ ;
/*!50003 SET @saved_cs_results     = @@character_set_results */ ;
/*!50003 SET @saved_col_connection = @@collation_connection */ ;
/*!50003 SET character_set_client  = utf8mb3 */ ;
/*!50003 SET character_set_results = utf8mb3 */ ;
/*!50003 SET collation_connection  = utf8mb3_general_ci */ ;
/*!50003 SET @saved_sql_mode       = @@sql_mode */ ;
/*!50003 SET sql_mode              = 'STRICT_TRANS_TABLES,ERROR_FOR_DIVISION_BY_ZERO,NO_AUTO_CREATE_USER,NO_ENGINE_SUBSTITUTION' */ ;
DELIMITER ;;
CREATE DEFINER=`dbadm`@`localhost` PROCEDURE `create_product`(

    `p_namn` CHAR(100),
    `p_beskrivning` VARCHAR(250),
    `p_bild_url` VARCHAR(300),
    `p_pris` INT
    )
BEGIN
        INSERT INTO produkt(namn,beskrivning,bild_url,pris)
        VALUES(p_namn,p_beskrivning,p_bild_url,p_pris);

END ;;
DELIMITER ;
/*!50003 SET sql_mode              = @saved_sql_mode */ ;
/*!50003 SET character_set_client  = @saved_cs_client */ ;
/*!50003 SET character_set_results = @saved_cs_results */ ;
/*!50003 SET collation_connection  = @saved_col_connection */ ;
/*!50003 DROP PROCEDURE IF EXISTS `create_product_category` */;
/*!50003 SET @saved_cs_client      = @@character_set_client */ ;
/*!50003 SET @saved_cs_results     = @@character_set_results */ ;
/*!50003 SET @saved_col_connection = @@collation_connection */ ;
/*!50003 SET character_set_client  = utf8mb3 */ ;
/*!50003 SET character_set_results = utf8mb3 */ ;
/*!50003 SET collation_connection  = utf8mb3_general_ci */ ;
/*!50003 SET @saved_sql_mode       = @@sql_mode */ ;
/*!50003 SET sql_mode              = 'STRICT_TRANS_TABLES,ERROR_FOR_DIVISION_BY_ZERO,NO_AUTO_CREATE_USER,NO_ENGINE_SUBSTITUTION' */ ;
DELIMITER ;;
CREATE DEFINER=`dbadm`@`localhost` PROCEDURE `create_product_category`(
    `insert_namn` VARCHAR(200)
    )
BEGIN
        INSERT INTO produktillkategori(k_namn)
        VALUES(insert_namn);
END ;;
DELIMITER ;
/*!50003 SET sql_mode              = @saved_sql_mode */ ;
/*!50003 SET character_set_client  = @saved_cs_client */ ;
/*!50003 SET character_set_results = @saved_cs_results */ ;
/*!50003 SET collation_connection  = @saved_col_connection */ ;
/*!50003 DROP PROCEDURE IF EXISTS `create_varukorg` */;
/*!50003 SET @saved_cs_client      = @@character_set_client */ ;
/*!50003 SET @saved_cs_results     = @@character_set_results */ ;
/*!50003 SET @saved_col_connection = @@collation_connection */ ;
/*!50003 SET character_set_client  = utf8mb3 */ ;
/*!50003 SET character_set_results = utf8mb3 */ ;
/*!50003 SET collation_connection  = utf8mb3_general_ci */ ;
/*!50003 SET @saved_sql_mode       = @@sql_mode */ ;
/*!50003 SET sql_mode              = 'STRICT_TRANS_TABLES,ERROR_FOR_DIVISION_BY_ZERO,NO_AUTO_CREATE_USER,NO_ENGINE_SUBSTITUTION' */ ;
DELIMITER ;;
CREATE DEFINER=`dbadm`@`localhost` PROCEDURE `create_varukorg`(

    `v_orderID` INT,
    `v_produktID` INT,
    `v_namn` CHAR(100),
    `v_antal` INT,
    `v_pris` INT
    )
BEGIN
        INSERT INTO varukorg(orderID,produktID,namn,antal,pris)
        VALUES(v_orderID,v_produktID,v_namn,v_antal,v_pris);

END ;;
DELIMITER ;
/*!50003 SET sql_mode              = @saved_sql_mode */ ;
/*!50003 SET character_set_client  = @saved_cs_client */ ;
/*!50003 SET character_set_results = @saved_cs_results */ ;
/*!50003 SET collation_connection  = @saved_col_connection */ ;
/*!50003 DROP PROCEDURE IF EXISTS `delete_product` */;
/*!50003 SET @saved_cs_client      = @@character_set_client */ ;
/*!50003 SET @saved_cs_results     = @@character_set_results */ ;
/*!50003 SET @saved_col_connection = @@collation_connection */ ;
/*!50003 SET character_set_client  = utf8mb3 */ ;
/*!50003 SET character_set_results = utf8mb3 */ ;
/*!50003 SET collation_connection  = utf8mb3_general_ci */ ;
/*!50003 SET @saved_sql_mode       = @@sql_mode */ ;
/*!50003 SET sql_mode              = 'STRICT_TRANS_TABLES,ERROR_FOR_DIVISION_BY_ZERO,NO_AUTO_CREATE_USER,NO_ENGINE_SUBSTITUTION' */ ;
DELIMITER ;;
CREATE DEFINER=`dbadm`@`localhost` PROCEDURE `delete_product`(
    p_produktID INT
)
BEGIN
    DELETE FROM produktillkategori WHERE kategoriID = p_produktID;
    DELETE FROM produkt WHERE produktID = p_produktID;
    DELETE FROM lager WHERE lagerID = p_produktID;
END ;;
DELIMITER ;
/*!50003 SET sql_mode              = @saved_sql_mode */ ;
/*!50003 SET character_set_client  = @saved_cs_client */ ;
/*!50003 SET character_set_results = @saved_cs_results */ ;
/*!50003 SET collation_connection  = @saved_col_connection */ ;
/*!50003 DROP PROCEDURE IF EXISTS `edit_product` */;
/*!50003 SET @saved_cs_client      = @@character_set_client */ ;
/*!50003 SET @saved_cs_results     = @@character_set_results */ ;
/*!50003 SET @saved_col_connection = @@collation_connection */ ;
/*!50003 SET character_set_client  = utf8mb3 */ ;
/*!50003 SET character_set_results = utf8mb3 */ ;
/*!50003 SET collation_connection  = utf8mb3_general_ci */ ;
/*!50003 SET @saved_sql_mode       = @@sql_mode */ ;
/*!50003 SET sql_mode              = 'STRICT_TRANS_TABLES,ERROR_FOR_DIVISION_BY_ZERO,NO_AUTO_CREATE_USER,NO_ENGINE_SUBSTITUTION' */ ;
DELIMITER ;;
CREATE DEFINER=`dbadm`@`localhost` PROCEDURE `edit_product`(
    `p_produktID` INT,
    `p_namn` CHAR(100),
    `p_beskrivning` VARCHAR(250),
    `p_bild_url` VARCHAR(300),
    `p_pris` INT
    )
BEGIN    
    UPDATE produkt
        SET produktID = p_produktID,
            namn = p_namn,
            pris = p_pris,
            beskrivning = p_beskrivning,
            bild_url = p_bild_url
        WHERE produktID = p_produktID
    ;
END ;;
DELIMITER ;
/*!50003 SET sql_mode              = @saved_sql_mode */ ;
/*!50003 SET character_set_client  = @saved_cs_client */ ;
/*!50003 SET character_set_results = @saved_cs_results */ ;
/*!50003 SET collation_connection  = @saved_col_connection */ ;
/*!50003 DROP PROCEDURE IF EXISTS `get_all_products` */;
/*!50003 SET @saved_cs_client      = @@character_set_client */ ;
/*!50003 SET @saved_cs_results     = @@character_set_results */ ;
/*!50003 SET @saved_col_connection = @@collation_connection */ ;
/*!50003 SET character_set_client  = utf8mb3 */ ;
/*!50003 SET character_set_results = utf8mb3 */ ;
/*!50003 SET collation_connection  = utf8mb3_general_ci */ ;
/*!50003 SET @saved_sql_mode       = @@sql_mode */ ;
/*!50003 SET sql_mode              = 'STRICT_TRANS_TABLES,ERROR_FOR_DIVISION_BY_ZERO,NO_AUTO_CREATE_USER,NO_ENGINE_SUBSTITUTION' */ ;
DELIMITER ;;
CREATE DEFINER=`dbadm`@`localhost` PROCEDURE `get_all_products`()
BEGIN
    SELECT p.produktID, p.namn,p.beskrivning, p.bild_url, p.pris,l.antal, k.k_namn FROM produkt AS p
    JOIN lager AS l
        ON p.produktID = l.lagerID
    JOIN produktillkategori AS k
        ON p.produktID = k.kategoriID
    ;
END ;;
DELIMITER ;
/*!50003 SET sql_mode              = @saved_sql_mode */ ;
/*!50003 SET character_set_client  = @saved_cs_client */ ;
/*!50003 SET character_set_results = @saved_cs_results */ ;
/*!50003 SET collation_connection  = @saved_col_connection */ ;
/*!50003 DROP PROCEDURE IF EXISTS `get_categories` */;
/*!50003 SET @saved_cs_client      = @@character_set_client */ ;
/*!50003 SET @saved_cs_results     = @@character_set_results */ ;
/*!50003 SET @saved_col_connection = @@collation_connection */ ;
/*!50003 SET character_set_client  = utf8mb3 */ ;
/*!50003 SET character_set_results = utf8mb3 */ ;
/*!50003 SET collation_connection  = utf8mb3_general_ci */ ;
/*!50003 SET @saved_sql_mode       = @@sql_mode */ ;
/*!50003 SET sql_mode              = 'STRICT_TRANS_TABLES,ERROR_FOR_DIVISION_BY_ZERO,NO_AUTO_CREATE_USER,NO_ENGINE_SUBSTITUTION' */ ;
DELIMITER ;;
CREATE DEFINER=`dbadm`@`localhost` PROCEDURE `get_categories`()
BEGIN
    SELECT * FROM kategorisering;
END ;;
DELIMITER ;
/*!50003 SET sql_mode              = @saved_sql_mode */ ;
/*!50003 SET character_set_client  = @saved_cs_client */ ;
/*!50003 SET character_set_results = @saved_cs_results */ ;
/*!50003 SET collation_connection  = @saved_col_connection */ ;
/*!50003 DROP PROCEDURE IF EXISTS `get_category` */;
/*!50003 SET @saved_cs_client      = @@character_set_client */ ;
/*!50003 SET @saved_cs_results     = @@character_set_results */ ;
/*!50003 SET @saved_col_connection = @@collation_connection */ ;
/*!50003 SET character_set_client  = utf8mb3 */ ;
/*!50003 SET character_set_results = utf8mb3 */ ;
/*!50003 SET collation_connection  = utf8mb3_general_ci */ ;
/*!50003 SET @saved_sql_mode       = @@sql_mode */ ;
/*!50003 SET sql_mode              = 'STRICT_TRANS_TABLES,ERROR_FOR_DIVISION_BY_ZERO,NO_AUTO_CREATE_USER,NO_ENGINE_SUBSTITUTION' */ ;
DELIMITER ;;
CREATE DEFINER=`dbadm`@`localhost` PROCEDURE `get_category`(
    p_kategoriID INT
)
BEGIN
    SELECT * FROM produktillkategori WHERE kategoriID = p_kategoriID;
END ;;
DELIMITER ;
/*!50003 SET sql_mode              = @saved_sql_mode */ ;
/*!50003 SET character_set_client  = @saved_cs_client */ ;
/*!50003 SET character_set_results = @saved_cs_results */ ;
/*!50003 SET collation_connection  = @saved_col_connection */ ;
/*!50003 DROP PROCEDURE IF EXISTS `get_customer` */;
/*!50003 SET @saved_cs_client      = @@character_set_client */ ;
/*!50003 SET @saved_cs_results     = @@character_set_results */ ;
/*!50003 SET @saved_col_connection = @@collation_connection */ ;
/*!50003 SET character_set_client  = utf8mb3 */ ;
/*!50003 SET character_set_results = utf8mb3 */ ;
/*!50003 SET collation_connection  = utf8mb3_general_ci */ ;
/*!50003 SET @saved_sql_mode       = @@sql_mode */ ;
/*!50003 SET sql_mode              = 'STRICT_TRANS_TABLES,ERROR_FOR_DIVISION_BY_ZERO,NO_AUTO_CREATE_USER,NO_ENGINE_SUBSTITUTION' */ ;
DELIMITER ;;
CREATE DEFINER=`dbadm`@`localhost` PROCEDURE `get_customer`()
BEGIN
    SELECT * from kund;
END ;;
DELIMITER ;
/*!50003 SET sql_mode              = @saved_sql_mode */ ;
/*!50003 SET character_set_client  = @saved_cs_client */ ;
/*!50003 SET character_set_results = @saved_cs_results */ ;
/*!50003 SET collation_connection  = @saved_col_connection */ ;
/*!50003 DROP PROCEDURE IF EXISTS `get_one_customer` */;
/*!50003 SET @saved_cs_client      = @@character_set_client */ ;
/*!50003 SET @saved_cs_results     = @@character_set_results */ ;
/*!50003 SET @saved_col_connection = @@collation_connection */ ;
/*!50003 SET character_set_client  = utf8mb3 */ ;
/*!50003 SET character_set_results = utf8mb3 */ ;
/*!50003 SET collation_connection  = utf8mb3_general_ci */ ;
/*!50003 SET @saved_sql_mode       = @@sql_mode */ ;
/*!50003 SET sql_mode              = 'STRICT_TRANS_TABLES,ERROR_FOR_DIVISION_BY_ZERO,NO_AUTO_CREATE_USER,NO_ENGINE_SUBSTITUTION' */ ;
DELIMITER ;;
CREATE DEFINER=`dbadm`@`localhost` PROCEDURE `get_one_customer`(
    o_id INT
)
BEGIN
    SELECT * FROM kund WHERE kundID = o_id;
END ;;
DELIMITER ;
/*!50003 SET sql_mode              = @saved_sql_mode */ ;
/*!50003 SET character_set_client  = @saved_cs_client */ ;
/*!50003 SET character_set_results = @saved_cs_results */ ;
/*!50003 SET collation_connection  = @saved_col_connection */ ;
/*!50003 DROP PROCEDURE IF EXISTS `get_one_product` */;
/*!50003 SET @saved_cs_client      = @@character_set_client */ ;
/*!50003 SET @saved_cs_results     = @@character_set_results */ ;
/*!50003 SET @saved_col_connection = @@collation_connection */ ;
/*!50003 SET character_set_client  = utf8mb3 */ ;
/*!50003 SET character_set_results = utf8mb3 */ ;
/*!50003 SET collation_connection  = utf8mb3_general_ci */ ;
/*!50003 SET @saved_sql_mode       = @@sql_mode */ ;
/*!50003 SET sql_mode              = 'STRICT_TRANS_TABLES,ERROR_FOR_DIVISION_BY_ZERO,NO_AUTO_CREATE_USER,NO_ENGINE_SUBSTITUTION' */ ;
DELIMITER ;;
CREATE DEFINER=`dbadm`@`localhost` PROCEDURE `get_one_product`(
    p_produktID INT
)
BEGIN
    SELECT * FROM produkt WHERE produktID = p_produktID;
END ;;
DELIMITER ;
/*!50003 SET sql_mode              = @saved_sql_mode */ ;
/*!50003 SET character_set_client  = @saved_cs_client */ ;
/*!50003 SET character_set_results = @saved_cs_results */ ;
/*!50003 SET collation_connection  = @saved_col_connection */ ;
/*!50003 DROP PROCEDURE IF EXISTS `get_product_categories` */;
/*!50003 SET @saved_cs_client      = @@character_set_client */ ;
/*!50003 SET @saved_cs_results     = @@character_set_results */ ;
/*!50003 SET @saved_col_connection = @@collation_connection */ ;
/*!50003 SET character_set_client  = utf8mb3 */ ;
/*!50003 SET character_set_results = utf8mb3 */ ;
/*!50003 SET collation_connection  = utf8mb3_general_ci */ ;
/*!50003 SET @saved_sql_mode       = @@sql_mode */ ;
/*!50003 SET sql_mode              = 'STRICT_TRANS_TABLES,ERROR_FOR_DIVISION_BY_ZERO,NO_AUTO_CREATE_USER,NO_ENGINE_SUBSTITUTION' */ ;
DELIMITER ;;
CREATE DEFINER=`dbadm`@`localhost` PROCEDURE `get_product_categories`()
BEGIN



    SELECT p_kategoriID, namn FROM produktillkategori as p
        JOIN kategorisering as kg
            ON p_kategoriID = kg.kategoriID
    WHERE kg.produktID = @p_produktID;
END ;;
DELIMITER ;
/*!50003 SET sql_mode              = @saved_sql_mode */ ;
/*!50003 SET character_set_client  = @saved_cs_client */ ;
/*!50003 SET character_set_results = @saved_cs_results */ ;
/*!50003 SET collation_connection  = @saved_col_connection */ ;
/*!50003 DROP PROCEDURE IF EXISTS `get_shelves` */;
/*!50003 SET @saved_cs_client      = @@character_set_client */ ;
/*!50003 SET @saved_cs_results     = @@character_set_results */ ;
/*!50003 SET @saved_col_connection = @@collation_connection */ ;
/*!50003 SET character_set_client  = utf8mb3 */ ;
/*!50003 SET character_set_results = utf8mb3 */ ;
/*!50003 SET collation_connection  = utf8mb3_general_ci */ ;
/*!50003 SET @saved_sql_mode       = @@sql_mode */ ;
/*!50003 SET sql_mode              = 'STRICT_TRANS_TABLES,ERROR_FOR_DIVISION_BY_ZERO,NO_AUTO_CREATE_USER,NO_ENGINE_SUBSTITUTION' */ ;
DELIMITER ;;
CREATE DEFINER=`dbadm`@`localhost` PROCEDURE `get_shelves`()
BEGIN
    SELECT hylla FROM lager;
END ;;
DELIMITER ;
/*!50003 SET sql_mode              = @saved_sql_mode */ ;
/*!50003 SET character_set_client  = @saved_cs_client */ ;
/*!50003 SET character_set_results = @saved_cs_results */ ;
/*!50003 SET collation_connection  = @saved_col_connection */ ;
/*!50003 DROP PROCEDURE IF EXISTS `get_varukorg` */;
/*!50003 SET @saved_cs_client      = @@character_set_client */ ;
/*!50003 SET @saved_cs_results     = @@character_set_results */ ;
/*!50003 SET @saved_col_connection = @@collation_connection */ ;
/*!50003 SET character_set_client  = utf8mb3 */ ;
/*!50003 SET character_set_results = utf8mb3 */ ;
/*!50003 SET collation_connection  = utf8mb3_general_ci */ ;
/*!50003 SET @saved_sql_mode       = @@sql_mode */ ;
/*!50003 SET sql_mode              = 'STRICT_TRANS_TABLES,ERROR_FOR_DIVISION_BY_ZERO,NO_AUTO_CREATE_USER,NO_ENGINE_SUBSTITUTION' */ ;
DELIMITER ;;
CREATE DEFINER=`dbadm`@`localhost` PROCEDURE `get_varukorg`(
    `v_orderID` INT
)
BEGIN
    SELECT * FROM varukorg WHERE orderID = v_orderID
    ;
END ;;
DELIMITER ;
/*!50003 SET sql_mode              = @saved_sql_mode */ ;
/*!50003 SET character_set_client  = @saved_cs_client */ ;
/*!50003 SET character_set_results = @saved_cs_results */ ;
/*!50003 SET collation_connection  = @saved_col_connection */ ;
/*!50003 DROP PROCEDURE IF EXISTS `inventory` */;
/*!50003 SET @saved_cs_client      = @@character_set_client */ ;
/*!50003 SET @saved_cs_results     = @@character_set_results */ ;
/*!50003 SET @saved_col_connection = @@collation_connection */ ;
/*!50003 SET character_set_client  = utf8mb3 */ ;
/*!50003 SET character_set_results = utf8mb3 */ ;
/*!50003 SET collation_connection  = utf8mb3_general_ci */ ;
/*!50003 SET @saved_sql_mode       = @@sql_mode */ ;
/*!50003 SET sql_mode              = 'STRICT_TRANS_TABLES,ERROR_FOR_DIVISION_BY_ZERO,NO_AUTO_CREATE_USER,NO_ENGINE_SUBSTITUTION' */ ;
DELIMITER ;;
CREATE DEFINER=`dbadm`@`localhost` PROCEDURE `inventory`(
    IN search VARCHAR(100)
    )
BEGIN
    SELECT p.produktID, p.namn, l.hylla , l.antal FROM produkt AS p
        JOIN lager AS l
            ON p.produktID = l.lagerID
    WHERE p.produktID LIKE search
        OR p.namn LIKE search
        OR l.hylla LIKE search
        OR l.antal LIKE search
        ;
END ;;
DELIMITER ;
/*!50003 SET sql_mode              = @saved_sql_mode */ ;
/*!50003 SET character_set_client  = @saved_cs_client */ ;
/*!50003 SET character_set_results = @saved_cs_results */ ;
/*!50003 SET collation_connection  = @saved_col_connection */ ;
/*!50003 DROP PROCEDURE IF EXISTS `inventory_all` */;
/*!50003 SET @saved_cs_client      = @@character_set_client */ ;
/*!50003 SET @saved_cs_results     = @@character_set_results */ ;
/*!50003 SET @saved_col_connection = @@collation_connection */ ;
/*!50003 SET character_set_client  = utf8mb3 */ ;
/*!50003 SET character_set_results = utf8mb3 */ ;
/*!50003 SET collation_connection  = utf8mb3_general_ci */ ;
/*!50003 SET @saved_sql_mode       = @@sql_mode */ ;
/*!50003 SET sql_mode              = 'STRICT_TRANS_TABLES,ERROR_FOR_DIVISION_BY_ZERO,NO_AUTO_CREATE_USER,NO_ENGINE_SUBSTITUTION' */ ;
DELIMITER ;;
CREATE DEFINER=`dbadm`@`localhost` PROCEDURE `inventory_all`()
BEGIN
    SELECT p.produktID, p.namn, l.hylla, l.antal FROM produkt AS p
        JOIN lager AS l
            ON p.produktID = l.lagerID
        ;
END ;;
DELIMITER ;
/*!50003 SET sql_mode              = @saved_sql_mode */ ;
/*!50003 SET character_set_client  = @saved_cs_client */ ;
/*!50003 SET character_set_results = @saved_cs_results */ ;
/*!50003 SET collation_connection  = @saved_col_connection */ ;
/*!50003 DROP PROCEDURE IF EXISTS `logs` */;
/*!50003 SET @saved_cs_client      = @@character_set_client */ ;
/*!50003 SET @saved_cs_results     = @@character_set_results */ ;
/*!50003 SET @saved_col_connection = @@collation_connection */ ;
/*!50003 SET character_set_client  = utf8mb3 */ ;
/*!50003 SET character_set_results = utf8mb3 */ ;
/*!50003 SET collation_connection  = utf8mb3_general_ci */ ;
/*!50003 SET @saved_sql_mode       = @@sql_mode */ ;
/*!50003 SET sql_mode              = 'STRICT_TRANS_TABLES,ERROR_FOR_DIVISION_BY_ZERO,NO_AUTO_CREATE_USER,NO_ENGINE_SUBSTITUTION' */ ;
DELIMITER ;;
CREATE DEFINER=`dbadm`@`localhost` PROCEDURE `logs`(number INT)
BEGIN
    SELECT loggID, tidshandelse, handelse FROM logglista
    ORDER BY loggID DESC
    LIMIT number;
END ;;
DELIMITER ;
/*!50003 SET sql_mode              = @saved_sql_mode */ ;
/*!50003 SET character_set_client  = @saved_cs_client */ ;
/*!50003 SET character_set_results = @saved_cs_results */ ;
/*!50003 SET collation_connection  = @saved_col_connection */ ;
/*!50003 DROP PROCEDURE IF EXISTS `ordered` */;
/*!50003 SET @saved_cs_client      = @@character_set_client */ ;
/*!50003 SET @saved_cs_results     = @@character_set_results */ ;
/*!50003 SET @saved_col_connection = @@collation_connection */ ;
/*!50003 SET character_set_client  = utf8mb3 */ ;
/*!50003 SET character_set_results = utf8mb3 */ ;
/*!50003 SET collation_connection  = utf8mb3_general_ci */ ;
/*!50003 SET @saved_sql_mode       = @@sql_mode */ ;
/*!50003 SET sql_mode              = 'STRICT_TRANS_TABLES,ERROR_FOR_DIVISION_BY_ZERO,NO_AUTO_CREATE_USER,NO_ENGINE_SUBSTITUTION' */ ;
DELIMITER ;;
CREATE DEFINER=`dbadm`@`localhost` PROCEDURE `ordered`(
    `o_orderID` INT
    )
BEGIN
    UPDATE orders
        SET order_status = "Beställd"
        WHERE orderID = o_orderID
    ;
END ;;
DELIMITER ;
/*!50003 SET sql_mode              = @saved_sql_mode */ ;
/*!50003 SET character_set_client  = @saved_cs_client */ ;
/*!50003 SET character_set_results = @saved_cs_results */ ;
/*!50003 SET collation_connection  = @saved_col_connection */ ;
/*!50003 DROP PROCEDURE IF EXISTS `pick_List` */;
/*!50003 SET @saved_cs_client      = @@character_set_client */ ;
/*!50003 SET @saved_cs_results     = @@character_set_results */ ;
/*!50003 SET @saved_col_connection = @@collation_connection */ ;
/*!50003 SET character_set_client  = utf8mb3 */ ;
/*!50003 SET character_set_results = utf8mb3 */ ;
/*!50003 SET collation_connection  = utf8mb3_general_ci */ ;
/*!50003 SET @saved_sql_mode       = @@sql_mode */ ;
/*!50003 SET sql_mode              = 'STRICT_TRANS_TABLES,ERROR_FOR_DIVISION_BY_ZERO,NO_AUTO_CREATE_USER,NO_ENGINE_SUBSTITUTION' */ ;
DELIMITER ;;
CREATE DEFINER=`dbadm`@`localhost` PROCEDURE `pick_List`(
     id INT
)
BEGIN
    SELECT * FROM v_plocklista
    WHERE
        `orderID` = id
        ;
END ;;
DELIMITER ;
/*!50003 SET sql_mode              = @saved_sql_mode */ ;
/*!50003 SET character_set_client  = @saved_cs_client */ ;
/*!50003 SET character_set_results = @saved_cs_results */ ;
/*!50003 SET collation_connection  = @saved_col_connection */ ;
/*!50003 DROP PROCEDURE IF EXISTS `remove_from_inv` */;
/*!50003 SET @saved_cs_client      = @@character_set_client */ ;
/*!50003 SET @saved_cs_results     = @@character_set_results */ ;
/*!50003 SET @saved_col_connection = @@collation_connection */ ;
/*!50003 SET character_set_client  = utf8mb3 */ ;
/*!50003 SET character_set_results = utf8mb3 */ ;
/*!50003 SET collation_connection  = utf8mb3_general_ci */ ;
/*!50003 SET @saved_sql_mode       = @@sql_mode */ ;
/*!50003 SET sql_mode              = 'STRICT_TRANS_TABLES,ERROR_FOR_DIVISION_BY_ZERO,NO_AUTO_CREATE_USER,NO_ENGINE_SUBSTITUTION' */ ;
DELIMITER ;;
CREATE DEFINER=`dbadm`@`localhost` PROCEDURE `remove_from_inv`(
        IN p_lagerID INT,
        IN p_hylla VARCHAR(200),
        IN p_antal INT
)
BEGIN
IF p_antal IS NOT NULL THEN
UPDATE lager
   SET antal = antal - p_antal
           WHERE lagerID = p_lagerID  AND hylla = p_hylla;
   END IF;


END ;;
DELIMITER ;
/*!50003 SET sql_mode              = @saved_sql_mode */ ;
/*!50003 SET character_set_client  = @saved_cs_client */ ;
/*!50003 SET character_set_results = @saved_cs_results */ ;
/*!50003 SET collation_connection  = @saved_col_connection */ ;
/*!50003 DROP PROCEDURE IF EXISTS `search_order` */;
/*!50003 SET @saved_cs_client      = @@character_set_client */ ;
/*!50003 SET @saved_cs_results     = @@character_set_results */ ;
/*!50003 SET @saved_col_connection = @@collation_connection */ ;
/*!50003 SET character_set_client  = utf8mb3 */ ;
/*!50003 SET character_set_results = utf8mb3 */ ;
/*!50003 SET collation_connection  = utf8mb3_general_ci */ ;
/*!50003 SET @saved_sql_mode       = @@sql_mode */ ;
/*!50003 SET sql_mode              = 'STRICT_TRANS_TABLES,ERROR_FOR_DIVISION_BY_ZERO,NO_AUTO_CREATE_USER,NO_ENGINE_SUBSTITUTION' */ ;
DELIMITER ;;
CREATE DEFINER=`dbadm`@`localhost` PROCEDURE `search_order`(
    IN search VARCHAR(100)
)
BEGIN
SELECT o.orderID, kundID, datum, o.antal_produkter AS `Antal Produkter`, o.order_status FROM orders as o
    WHERE o.orderID LIKE search
        OR kundID LIKE search
        GROUP BY o.orderID
        ;
 END ;;
DELIMITER ;
/*!50003 SET sql_mode              = @saved_sql_mode */ ;
/*!50003 SET character_set_client  = @saved_cs_client */ ;
/*!50003 SET character_set_results = @saved_cs_results */ ;
/*!50003 SET collation_connection  = @saved_col_connection */ ;
/*!50003 DROP PROCEDURE IF EXISTS `ship` */;
/*!50003 SET @saved_cs_client      = @@character_set_client */ ;
/*!50003 SET @saved_cs_results     = @@character_set_results */ ;
/*!50003 SET @saved_col_connection = @@collation_connection */ ;
/*!50003 SET character_set_client  = utf8mb3 */ ;
/*!50003 SET character_set_results = utf8mb3 */ ;
/*!50003 SET collation_connection  = utf8mb3_general_ci */ ;
/*!50003 SET @saved_sql_mode       = @@sql_mode */ ;
/*!50003 SET sql_mode              = 'STRICT_TRANS_TABLES,ERROR_FOR_DIVISION_BY_ZERO,NO_AUTO_CREATE_USER,NO_ENGINE_SUBSTITUTION' */ ;
DELIMITER ;;
CREATE DEFINER=`dbadm`@`localhost` PROCEDURE `ship`(
    `o_orderID` INT
    )
BEGIN    
    UPDATE orders
        SET order_status = "Skickad"
        WHERE orderID = o_orderID
    ;
END ;;
DELIMITER ;
/*!50003 SET sql_mode              = @saved_sql_mode */ ;
/*!50003 SET character_set_client  = @saved_cs_client */ ;
/*!50003 SET character_set_results = @saved_cs_results */ ;
/*!50003 SET collation_connection  = @saved_col_connection */ ;
/*!50003 DROP PROCEDURE IF EXISTS `show_orders` */;
/*!50003 SET @saved_cs_client      = @@character_set_client */ ;
/*!50003 SET @saved_cs_results     = @@character_set_results */ ;
/*!50003 SET @saved_col_connection = @@collation_connection */ ;
/*!50003 SET character_set_client  = utf8mb3 */ ;
/*!50003 SET character_set_results = utf8mb3 */ ;
/*!50003 SET collation_connection  = utf8mb3_general_ci */ ;
/*!50003 SET @saved_sql_mode       = @@sql_mode */ ;
/*!50003 SET sql_mode              = 'STRICT_TRANS_TABLES,ERROR_FOR_DIVISION_BY_ZERO,NO_AUTO_CREATE_USER,NO_ENGINE_SUBSTITUTION' */ ;
DELIMITER ;;
CREATE DEFINER=`dbadm`@`localhost` PROCEDURE `show_orders`()
BEGIN
    SELECT * FROM orders;
END ;;
DELIMITER ;
/*!50003 SET sql_mode              = @saved_sql_mode */ ;
/*!50003 SET character_set_client  = @saved_cs_client */ ;
/*!50003 SET character_set_results = @saved_cs_results */ ;
/*!50003 SET collation_connection  = @saved_col_connection */ ;
/*!50003 DROP PROCEDURE IF EXISTS `update_lager_column` */;
/*!50003 SET @saved_cs_client      = @@character_set_client */ ;
/*!50003 SET @saved_cs_results     = @@character_set_results */ ;
/*!50003 SET @saved_col_connection = @@collation_connection */ ;
/*!50003 SET character_set_client  = utf8mb3 */ ;
/*!50003 SET character_set_results = utf8mb3 */ ;
/*!50003 SET collation_connection  = utf8mb3_general_ci */ ;
/*!50003 SET @saved_sql_mode       = @@sql_mode */ ;
/*!50003 SET sql_mode              = 'STRICT_TRANS_TABLES,ERROR_FOR_DIVISION_BY_ZERO,NO_AUTO_CREATE_USER,NO_ENGINE_SUBSTITUTION' */ ;
DELIMITER ;;
CREATE DEFINER=`dbadm`@`localhost` PROCEDURE `update_lager_column`(

    `l_lagerID` INT,
    `l_antal` INT
    )
BEGIN
    UPDATE lager
        SET antal = antal - l_antal
        WHERE lagerID = l_lagerID
    ;
END ;;
DELIMITER ;
/*!50003 SET sql_mode              = @saved_sql_mode */ ;
/*!50003 SET character_set_client  = @saved_cs_client */ ;
/*!50003 SET character_set_results = @saved_cs_results */ ;
/*!50003 SET collation_connection  = @saved_col_connection */ ;
/*!50003 DROP PROCEDURE IF EXISTS `update_order` */;
/*!50003 SET @saved_cs_client      = @@character_set_client */ ;
/*!50003 SET @saved_cs_results     = @@character_set_results */ ;
/*!50003 SET @saved_col_connection = @@collation_connection */ ;
/*!50003 SET character_set_client  = utf8mb3 */ ;
/*!50003 SET character_set_results = utf8mb3 */ ;
/*!50003 SET collation_connection  = utf8mb3_general_ci */ ;
/*!50003 SET @saved_sql_mode       = @@sql_mode */ ;
/*!50003 SET sql_mode              = 'STRICT_TRANS_TABLES,ERROR_FOR_DIVISION_BY_ZERO,NO_AUTO_CREATE_USER,NO_ENGINE_SUBSTITUTION' */ ;
DELIMITER ;;
CREATE DEFINER=`dbadm`@`localhost` PROCEDURE `update_order`(
    `o_orderID` INT,
    `o_antal` INT
    )
BEGIN    
    UPDATE orders
        SET antal_produkter = antal_produkter + o_antal
        WHERE orderID = o_orderID
    ;
END ;;
DELIMITER ;
/*!50003 SET sql_mode              = @saved_sql_mode */ ;
/*!50003 SET character_set_client  = @saved_cs_client */ ;
/*!50003 SET character_set_results = @saved_cs_results */ ;
/*!50003 SET collation_connection  = @saved_col_connection */ ;

--
-- Final view structure for view `v_plocklista`
--

/*!50001 DROP TABLE IF EXISTS `v_plocklista`*/;
/*!50001 DROP VIEW IF EXISTS `v_plocklista`*/;
/*!50001 SET @saved_cs_client          = @@character_set_client */;
/*!50001 SET @saved_cs_results         = @@character_set_results */;
/*!50001 SET @saved_col_connection     = @@collation_connection */;
/*!50001 SET character_set_client      = utf8mb3 */;
/*!50001 SET character_set_results     = utf8mb3 */;
/*!50001 SET collation_connection      = utf8mb3_general_ci */;
/*!50001 CREATE ALGORITHM=UNDEFINED */
/*!50013 DEFINER=`dbadm`@`localhost` SQL SECURITY DEFINER */
/*!50001 VIEW `v_plocklista` AS select `o`.`orderID` AS `orderID`,`p`.`produktID` AS `produktID`,`p`.`namn` AS `namn`,`o`.`antal` AS `Beställt antal`,`l`.`antal` AS `Aktuellt lager antal`,`l`.`hylla` AS `Hylla` from ((`produkt` `p` join `varukorg` `o` on(`p`.`produktID` = `o`.`produktID`)) join `lager` `l` on(`p`.`namn` = `l`.`namn`)) */;
/*!50001 SET character_set_client      = @saved_cs_client */;
/*!50001 SET character_set_results     = @saved_cs_results */;
/*!50001 SET collation_connection      = @saved_col_connection */;
/*!40103 SET TIME_ZONE=@OLD_TIME_ZONE */;

/*!40101 SET SQL_MODE=@OLD_SQL_MODE */;
/*!40014 SET FOREIGN_KEY_CHECKS=@OLD_FOREIGN_KEY_CHECKS */;
/*!40014 SET UNIQUE_CHECKS=@OLD_UNIQUE_CHECKS */;
/*!40101 SET CHARACTER_SET_CLIENT=@OLD_CHARACTER_SET_CLIENT */;
/*!40101 SET CHARACTER_SET_RESULTS=@OLD_CHARACTER_SET_RESULTS */;
/*!40101 SET COLLATION_CONNECTION=@OLD_COLLATION_CONNECTION */;
/*!40111 SET SQL_NOTES=@OLD_SQL_NOTES */;

-- Dump completed on 2022-03-22 15:49:29
